{"cameraMode":{"drawMode":0,"name":"Shaded","section":"Shading Mode"},"sceneLighting":true,"audioPlay":false,"sceneViewState":{"showFog":true,"showMaterialUpdate":false,"showSkybox":true,"showFlares":true,"showImageEffects":true,"showParticleSystems":true},"in2DMode":false,"pivot":{"x":-181.19244384765626,"y":-88.621337890625,"z":118.5327377319336},"rotation":{"x":-0.1931360363960266,"y":0.46014636754989626,"z":-0.10328960418701172,"w":-0.8604120016098023},"size":252.07357788085938,"orthographic":false}